id,prediction
001_0_0,0
001_0_8,0
001_0_16,0
001_0_24,0
001_0_32,0
001_0_40,0
001_0_48,0
001_0_56,0
001_0_64,0
001_0_72,0
001_0_80,0
001_0_88,0
001_0_96,0
001_0_104,0
001_0_112,0
001_0_120,0
001_0_128,0
001_0_136,0
001_0_144,0
001_0_152,0
001_0_160,0
001_0_168,0
001_0_176,0
001_0_184,0
001_0_192,0
001_0_200,0
001_0_208,0
001_0_216,0
001_0_224,0
001_0_232,0
001_0_240,0
001_0_248,0
001_0_256,0
001_0_264,0
001_0_272,0
001_0_280,0
001_0_288,0
001_0_296,0
001_8_0,0
001_8_8,0
001_8_16,0
001_8_24,0
001_8_32,0
001_8_40,0
001_8_48,0
001_8_56,0
001_8_64,0
001_8_72,0
001_8_80,0
001_8_88,0
001_8_96,0
001_8_104,0
001_8_112,0
001_8_120,0
001_8_128,0
001_8_136,0
001_8_144,0
001_8_152,0
001_8_160,0
001_8_168,0
001_8_176,0
001_8_184,0
001_8_192,0
001_8_200,0
001_8_208,0
001_8_216,0
001_8_224,0
001_8_232,0
001_8_240,0
001_8_248,0
001_8_256,0
001_8_264,0
001_8_272,0
001_8_280,0
001_8_288,0
001_8_296,0
001_16_0,0
001_16_8,0
001_16_16,0
001_16_24,0
001_16_32,0
001_16_40,0
001_16_48,0
001_16_56,0
001_16_64,0
001_16_72,0
001_16_80,0
001_16_88,0
001_16_96,0
001_16_104,0
001_16_112,0
001_16_120,0
001_16_128,0
001_16_136,0
001_16_144,0
001_16_152,0
001_16_160,0
001_16_168,0
001_16_176,0
001_16_184,0
001_16_192,0
001_16_200,0
001_16_208,0
001_16_216,0
001_16_224,0
001_16_232,0
001_16_240,0
001_16_248,0
001_16_256,0
001_16_264,0
001_16_272,0
001_16_280,0
001_16_288,0
001_16_296,0
001_24_0,0
001_24_8,0
001_24_16,0
001_24_24,0
001_24_32,0
001_24_40,0
001_24_48,0
001_24_56,0
001_24_64,0
001_24_72,0
001_24_80,0
001_24_88,0
001_24_96,0
001_24_104,0
001_24_112,0
001_24_120,0
001_24_128,0
001_24_136,0
001_24_144,0
001_24_152,0
001_24_160,0
001_24_168,0
001_24_176,0
001_24_184,0
001_24_192,0
001_24_200,0
001_24_208,0
001_24_216,0
001_24_224,0
001_24_232,0
001_24_240,0
001_24_248,0
001_24_256,0
001_24_264,0
001_24_272,0
001_24_280,0
001_24_288,0
001_24_296,0
001_32_0,0
001_32_8,0
001_32_16,0
001_32_24,0
001_32_32,0
001_32_40,0
001_32_48,0
001_32_56,0
001_32_64,0
001_32_72,0
001_32_80,0
001_32_88,0
001_32_96,0
001_32_104,0
001_32_112,0
001_32_120,0
001_32_128,0
001_32_136,0
001_32_144,0
001_32_152,0
001_32_160,0
001_32_168,0
001_32_176,0
001_32_184,0
001_32_192,0
001_32_200,0
001_32_208,0
001_32_216,0
001_32_224,0
001_32_232,0
001_32_240,0
001_32_248,0
001_32_256,0
001_32_264,0
001_32_272,0
001_32_280,0
001_32_288,0
001_32_296,0
001_40_0,0
001_40_8,0
001_40_16,0
001_40_24,0
001_40_32,0
001_40_40,0
001_40_48,0
001_40_56,0
001_40_64,0
001_40_72,0
001_40_80,0
001_40_88,0
001_40_96,0
001_40_104,0
001_40_112,0
001_40_120,0
001_40_128,0
001_40_136,0
001_40_144,0
001_40_152,0
001_40_160,0
001_40_168,0
001_40_176,0
001_40_184,0
001_40_192,0
001_40_200,0
001_40_208,0
001_40_216,0
001_40_224,0
001_40_232,0
001_40_240,0
001_40_248,0
001_40_256,0
001_40_264,0
001_40_272,0
001_40_280,0
001_40_288,0
001_40_296,0
001_48_0,0
001_48_8,0
001_48_16,0
001_48_24,0
001_48_32,0
001_48_40,0
001_48_48,0
001_48_56,0
001_48_64,0
001_48_72,0
001_48_80,0
001_48_88,0
001_48_96,0
001_48_104,0
001_48_112,0
001_48_120,0
001_48_128,0
001_48_136,0
001_48_144,0
001_48_152,0
001_48_160,0
001_48_168,0
001_48_176,0
001_48_184,0
001_48_192,0
001_48_200,0
001_48_208,0
001_48_216,0
001_48_224,0
001_48_232,0
001_48_240,0
001_48_248,0
001_48_256,0
001_48_264,0
001_48_272,0
001_48_280,0
001_48_288,0
001_48_296,0
001_56_0,0
001_56_8,0
001_56_16,0
001_56_24,0
001_56_32,0
001_56_40,0
001_56_48,0
001_56_56,0
001_56_64,0
001_56_72,0
001_56_80,0
001_56_88,0
001_56_96,0
001_56_104,0
001_56_112,0
001_56_120,0
001_56_128,0
001_56_136,0
001_56_144,0
001_56_152,0
001_56_160,0
001_56_168,0
001_56_176,0
001_56_184,0
001_56_192,0
001_56_200,0
001_56_208,0
001_56_216,0
001_56_224,0
001_56_232,0
001_56_240,0
001_56_248,0
001_56_256,0
001_56_264,0
001_56_272,0
001_56_280,0
001_56_288,0
001_56_296,0
001_64_0,0
001_64_8,0
001_64_16,0
001_64_24,0
001_64_32,0
001_64_40,0
001_64_48,0
001_64_56,0
001_64_64,0
001_64_72,0
001_64_80,0
001_64_88,0
001_64_96,0
001_64_104,0
001_64_112,0
001_64_120,0
001_64_128,0
001_64_136,0
001_64_144,0
001_64_152,0
001_64_160,0
001_64_168,0
001_64_176,0
001_64_184,0
001_64_192,0
001_64_200,0
001_64_208,0
001_64_216,0
001_64_224,0
001_64_232,0
001_64_240,0
001_64_248,0
001_64_256,0
001_64_264,0
001_64_272,0
001_64_280,0
001_64_288,0
001_64_296,0
001_72_0,0
001_72_8,0
001_72_16,0
001_72_24,0
001_72_32,0
001_72_40,0
001_72_48,0
001_72_56,0
001_72_64,0
001_72_72,0
001_72_80,0
001_72_88,0
001_72_96,0
001_72_104,0
001_72_112,0
001_72_120,0
001_72_128,0
001_72_136,0
001_72_144,0
001_72_152,0
001_72_160,0
001_72_168,0
001_72_176,0
001_72_184,0
001_72_192,0
001_72_200,0
001_72_208,0
001_72_216,0
001_72_224,0
001_72_232,0
001_72_240,0
001_72_248,0
001_72_256,0
001_72_264,0
001_72_272,0
001_72_280,0
001_72_288,0
001_72_296,0
001_80_0,0
001_80_8,0
001_80_16,0
001_80_24,0
001_80_32,0
001_80_40,0
001_80_48,0
001_80_56,0
001_80_64,0
001_80_72,0
001_80_80,0
001_80_88,0
001_80_96,0
001_80_104,0
001_80_112,0
001_80_120,0
001_80_128,0
001_80_136,0
001_80_144,0
001_80_152,0
001_80_160,0
001_80_168,0
001_80_176,0
001_80_184,0
001_80_192,0
001_80_200,0
001_80_208,0
001_80_216,0
001_80_224,0
001_80_232,0
001_80_240,0
001_80_248,0
001_80_256,0
001_80_264,0
001_80_272,0
001_80_280,0
001_80_288,0
001_80_296,0
001_88_0,0
001_88_8,0
001_88_16,0
001_88_24,0
001_88_32,0
001_88_40,0
001_88_48,0
001_88_56,0
001_88_64,0
001_88_72,0
001_88_80,0
001_88_88,0
001_88_96,0
001_88_104,0
001_88_112,0
001_88_120,0
001_88_128,0
001_88_136,0
001_88_144,0
001_88_152,0
001_88_160,0
001_88_168,0
001_88_176,0
001_88_184,0
001_88_192,0
001_88_200,0
001_88_208,0
001_88_216,0
001_88_224,0
001_88_232,0
001_88_240,0
001_88_248,0
001_88_256,0
001_88_264,0
001_88_272,0
001_88_280,0
001_88_288,0
001_88_296,0
001_96_0,0
001_96_8,0
001_96_16,0
001_96_24,0
001_96_32,0
001_96_40,0
001_96_48,0
001_96_56,0
001_96_64,0
001_96_72,0
001_96_80,0
001_96_88,0
001_96_96,0
001_96_104,0
001_96_112,0
001_96_120,0
001_96_128,0
001_96_136,0
001_96_144,0
001_96_152,0
001_96_160,0
001_96_168,0
001_96_176,0
001_96_184,0
001_96_192,0
001_96_200,0
001_96_208,0
001_96_216,0
001_96_224,0
001_96_232,0
001_96_240,0
001_96_248,0
001_96_256,0
001_96_264,0
001_96_272,0
001_96_280,0
001_96_288,0
001_96_296,0
001_104_0,0
001_104_8,0
001_104_16,0
001_104_24,0
001_104_32,0
001_104_40,0
001_104_48,0
001_104_56,0
001_104_64,0
001_104_72,0
001_104_80,0
001_104_88,0
001_104_96,0
001_104_104,0
001_104_112,0
001_104_120,0
001_104_128,0
001_104_136,0
001_104_144,0
001_104_152,0
001_104_160,0
001_104_168,0
001_104_176,0
001_104_184,0
001_104_192,0
001_104_200,0
001_104_208,0
001_104_216,0
001_104_224,0
001_104_232,0
001_104_240,0
001_104_248,0
001_104_256,0
001_104_264,0
001_104_272,0
001_104_280,0
001_104_288,0
001_104_296,0
001_112_0,0
001_112_8,0
001_112_16,0
001_112_24,0
001_112_32,0
001_112_40,0
001_112_48,0
001_112_56,0
001_112_64,0
001_112_72,0
001_112_80,0
001_112_88,0
001_112_96,0
001_112_104,0
001_112_112,0
001_112_120,0
001_112_128,0
001_112_136,0
001_112_144,0
001_112_152,0
001_112_160,0
001_112_168,0
001_112_176,0
001_112_184,0
001_112_192,0
001_112_200,0
001_112_208,0
001_112_216,0
001_112_224,0
001_112_232,0
001_112_240,0
001_112_248,0
001_112_256,0
001_112_264,0
001_112_272,0
001_112_280,0
001_112_288,0
001_112_296,0
001_120_0,0
001_120_8,0
001_120_16,0
001_120_24,0
001_120_32,0
001_120_40,0
001_120_48,0
001_120_56,0
001_120_64,0
001_120_72,0
001_120_80,0
001_120_88,0
001_120_96,0
001_120_104,0
001_120_112,0
001_120_120,0
001_120_128,0
001_120_136,0
001_120_144,0
001_120_152,0
001_120_160,0
001_120_168,0
001_120_176,0
001_120_184,0
001_120_192,0
001_120_200,0
001_120_208,0
001_120_216,0
001_120_224,0
001_120_232,0
001_120_240,0
001_120_248,0
001_120_256,0
001_120_264,0
001_120_272,0
001_120_280,0
001_120_288,0
001_120_296,0
001_128_0,0
001_128_8,0
001_128_16,0
001_128_24,0
001_128_32,0
001_128_40,0
001_128_48,0
001_128_56,0
001_128_64,0
001_128_72,0
001_128_80,0
001_128_88,0
001_128_96,0
001_128_104,0
001_128_112,0
001_128_120,0
001_128_128,0
001_128_136,0
001_128_144,0
001_128_152,0
001_128_160,0
001_128_168,0
001_128_176,0
001_128_184,0
001_128_192,0
001_128_200,0
001_128_208,0
001_128_216,0
001_128_224,0
001_128_232,0
001_128_240,0
001_128_248,0
001_128_256,0
001_128_264,0
001_128_272,0
001_128_280,0
001_128_288,0
001_128_296,0
001_136_0,0
001_136_8,0
001_136_16,0
001_136_24,0
001_136_32,0
001_136_40,0
001_136_48,0
001_136_56,0
001_136_64,0
001_136_72,0
001_136_80,0
001_136_88,0
001_136_96,0
001_136_104,0
001_136_112,0
001_136_120,0
001_136_128,0
001_136_136,0
001_136_144,0
001_136_152,0
001_136_160,0
001_136_168,0
001_136_176,0
001_136_184,0
001_136_192,0
001_136_200,0
001_136_208,0
001_136_216,0
001_136_224,0
001_136_232,0
001_136_240,0
001_136_248,0
001_136_256,0
001_136_264,0
001_136_272,0
001_136_280,0
001_136_288,0
001_136_296,0
001_144_0,0
001_144_8,0
001_144_16,0
001_144_24,0
001_144_32,0
001_144_40,0
001_144_48,0
001_144_56,0
001_144_64,0
001_144_72,0
001_144_80,0
001_144_88,0
001_144_96,0
001_144_104,0
001_144_112,0
001_144_120,0
001_144_128,0
001_144_136,0
001_144_144,0
001_144_152,0
001_144_160,0
001_144_168,0
001_144_176,0
001_144_184,0
001_144_192,0
001_144_200,0
001_144_208,0
001_144_216,0
001_144_224,0
001_144_232,0
001_144_240,0
001_144_248,0
001_144_256,0
001_144_264,0
001_144_272,0
001_144_280,0
001_144_288,0
001_144_296,0
001_152_0,0
001_152_8,0
001_152_16,0
001_152_24,0
001_152_32,0
001_152_40,0
001_152_48,0
001_152_56,0
001_152_64,0
001_152_72,0
001_152_80,0
001_152_88,0
001_152_96,0
001_152_104,0
001_152_112,0
001_152_120,0
001_152_128,0
001_152_136,0
001_152_144,0
001_152_152,0
001_152_160,0
001_152_168,0
001_152_176,0
001_152_184,0
001_152_192,0
001_152_200,0
001_152_208,0
001_152_216,0
001_152_224,0
001_152_232,0
001_152_240,0
001_152_248,0
001_152_256,0
001_152_264,0
001_152_272,0
001_152_280,0
001_152_288,0
001_152_296,0
001_160_0,0
001_160_8,0
001_160_16,0
001_160_24,0
001_160_32,0
001_160_40,0
001_160_48,0
001_160_56,0
001_160_64,0
001_160_72,0
001_160_80,0
001_160_88,0
001_160_96,0
001_160_104,0
001_160_112,0
001_160_120,0
001_160_128,0
001_160_136,0
001_160_144,0
001_160_152,0
001_160_160,0
001_160_168,0
001_160_176,0
001_160_184,0
001_160_192,0
001_160_200,0
001_160_208,0
001_160_216,0
001_160_224,0
001_160_232,0
001_160_240,0
001_160_248,0
001_160_256,0
001_160_264,0
001_160_272,0
001_160_280,0
001_160_288,0
001_160_296,0
001_168_0,0
001_168_8,0
001_168_16,0
001_168_24,0
001_168_32,0
001_168_40,0
001_168_48,0
001_168_56,0
001_168_64,0
001_168_72,0
001_168_80,0
001_168_88,0
001_168_96,0
001_168_104,0
001_168_112,0
001_168_120,0
001_168_128,0
001_168_136,0
001_168_144,0
001_168_152,0
001_168_160,0
001_168_168,0
001_168_176,0
001_168_184,0
001_168_192,0
001_168_200,0
001_168_208,0
001_168_216,0
001_168_224,0
001_168_232,0
001_168_240,0
001_168_248,0
001_168_256,0
001_168_264,0
001_168_272,0
001_168_280,0
001_168_288,0
001_168_296,0
001_176_0,0
001_176_8,0
001_176_16,0
001_176_24,0
001_176_32,0
001_176_40,0
001_176_48,0
001_176_56,0
001_176_64,0
001_176_72,0
001_176_80,0
001_176_88,0
001_176_96,0
001_176_104,0
001_176_112,0
001_176_120,0
001_176_128,0
001_176_136,0
001_176_144,0
001_176_152,0
001_176_160,0
001_176_168,0
001_176_176,0
001_176_184,0
001_176_192,0
001_176_200,0
001_176_208,0
001_176_216,0
001_176_224,0
001_176_232,0
001_176_240,0
001_176_248,0
001_176_256,0
001_176_264,0
001_176_272,0
001_176_280,0
001_176_288,0
001_176_296,0
001_184_0,0
001_184_8,0
001_184_16,0
001_184_24,0
001_184_32,0
001_184_40,0
001_184_48,0
001_184_56,0
001_184_64,0
001_184_72,0
001_184_80,0
001_184_88,0
001_184_96,0
001_184_104,0
001_184_112,0
001_184_120,0
001_184_128,0
001_184_136,0
001_184_144,0
001_184_152,0
001_184_160,0
001_184_168,0
001_184_176,0
001_184_184,0
001_184_192,0
001_184_200,0
001_184_208,0
001_184_216,0
001_184_224,0
001_184_232,0
001_184_240,0
001_184_248,0
001_184_256,0
001_184_264,0
001_184_272,0
001_184_280,0
001_184_288,0
001_184_296,0
001_192_0,0
001_192_8,0
001_192_16,0
001_192_24,0
001_192_32,0
001_192_40,0
001_192_48,0
001_192_56,0
001_192_64,0
001_192_72,0
001_192_80,0
001_192_88,0
001_192_96,0
001_192_104,0
001_192_112,0
001_192_120,0
001_192_128,0
001_192_136,0
001_192_144,0
001_192_152,0
001_192_160,0
001_192_168,0
001_192_176,0
001_192_184,0
001_192_192,0
001_192_200,0
001_192_208,0
001_192_216,0
001_192_224,0
001_192_232,0
001_192_240,0
001_192_248,0
001_192_256,0
001_192_264,0
001_192_272,0
001_192_280,0
001_192_288,0
001_192_296,0
001_200_0,0
001_200_8,0
001_200_16,0
001_200_24,0
001_200_32,0
001_200_40,0
001_200_48,0
001_200_56,0
001_200_64,0
001_200_72,0
001_200_80,0
001_200_88,0
001_200_96,0
001_200_104,0
001_200_112,0
001_200_120,0
001_200_128,0
001_200_136,0
001_200_144,0
001_200_152,0
001_200_160,0
001_200_168,0
001_200_176,0
001_200_184,0
001_200_192,0
001_200_200,0
001_200_208,0
001_200_216,0
001_200_224,0
001_200_232,0
001_200_240,0
001_200_248,0
001_200_256,0
001_200_264,0
001_200_272,0
001_200_280,0
001_200_288,0
001_200_296,0
001_208_0,0
001_208_8,0
001_208_16,0
001_208_24,0
001_208_32,0
001_208_40,0
001_208_48,0
001_208_56,0
001_208_64,0
001_208_72,0
001_208_80,0
001_208_88,0
001_208_96,0
001_208_104,0
001_208_112,0
001_208_120,0
001_208_128,0
001_208_136,0
001_208_144,0
001_208_152,0
001_208_160,0
001_208_168,0
001_208_176,0
001_208_184,0
001_208_192,0
001_208_200,0
001_208_208,0
001_208_216,0
001_208_224,0
001_208_232,0
001_208_240,0
001_208_248,0
001_208_256,0
001_208_264,0
001_208_272,0
001_208_280,0
001_208_288,0
001_208_296,0
001_216_0,0
001_216_8,0
001_216_16,0
001_216_24,0
001_216_32,0
001_216_40,0
001_216_48,0
001_216_56,0
001_216_64,0
001_216_72,0
001_216_80,0
001_216_88,0
001_216_96,0
001_216_104,0
001_216_112,0
001_216_120,0
001_216_128,0
001_216_136,0
001_216_144,0
001_216_152,0
001_216_160,0
001_216_168,0
001_216_176,0
001_216_184,0
001_216_192,0
001_216_200,0
001_216_208,0
001_216_216,0
001_216_224,0
001_216_232,0
001_216_240,0
001_216_248,0
001_216_256,0
001_216_264,0
001_216_272,0
001_216_280,0
001_216_288,0
001_216_296,0
001_224_0,0
001_224_8,0
001_224_16,0
001_224_24,0
001_224_32,0
001_224_40,0
001_224_48,0
001_224_56,0
001_224_64,0
001_224_72,0
001_224_80,0
001_224_88,0
001_224_96,0
001_224_104,0
001_224_112,0
001_224_120,0
001_224_128,0
001_224_136,0
001_224_144,0
001_224_152,0
001_224_160,0
001_224_168,0
001_224_176,0
001_224_184,0
001_224_192,0
001_224_200,0
001_224_208,0
001_224_216,0
001_224_224,0
001_224_232,0
001_224_240,0
001_224_248,0
001_224_256,0
001_224_264,0
001_224_272,0
001_224_280,0
001_224_288,0
001_224_296,0
001_232_0,0
001_232_8,0
001_232_16,0
001_232_24,0
001_232_32,0
001_232_40,0
001_232_48,0
001_232_56,0
001_232_64,0
001_232_72,0
001_232_80,0
001_232_88,0
001_232_96,0
001_232_104,0
001_232_112,0
001_232_120,0
001_232_128,0
001_232_136,0
001_232_144,0
001_232_152,0
001_232_160,0
001_232_168,0
001_232_176,0
001_232_184,0
001_232_192,0
001_232_200,0
001_232_208,0
001_232_216,0
001_232_224,0
001_232_232,0
001_232_240,0
001_232_248,0
001_232_256,0
001_232_264,0
001_232_272,0
001_232_280,0
001_232_288,0
001_232_296,0
001_240_0,0
001_240_8,0
001_240_16,0
001_240_24,0
001_240_32,0
001_240_40,0
001_240_48,0
001_240_56,0
001_240_64,0
001_240_72,0
001_240_80,0
001_240_88,0
001_240_96,0
001_240_104,0
001_240_112,0
001_240_120,0
001_240_128,0
001_240_136,0
001_240_144,0
001_240_152,0
001_240_160,0
001_240_168,0
001_240_176,0
001_240_184,0
001_240_192,0
001_240_200,0
001_240_208,0
001_240_216,0
001_240_224,0
001_240_232,0
001_240_240,0
001_240_248,0
001_240_256,0
001_240_264,0
001_240_272,0
001_240_280,0
001_240_288,0
001_240_296,0
001_248_0,0
001_248_8,0
001_248_16,0
001_248_24,0
001_248_32,0
001_248_40,0
001_248_48,0
001_248_56,0
001_248_64,0
001_248_72,0
001_248_80,0
001_248_88,0
001_248_96,0
001_248_104,0
001_248_112,0
001_248_120,0
001_248_128,0
001_248_136,0
001_248_144,0
001_248_152,0
001_248_160,0
001_248_168,0
001_248_176,0
001_248_184,0
001_248_192,0
001_248_200,0
001_248_208,0
001_248_216,0
001_248_224,0
001_248_232,0
001_248_240,0
001_248_248,0
001_248_256,0
001_248_264,0
001_248_272,0
001_248_280,0
001_248_288,0
001_248_296,0
001_256_0,0
001_256_8,0
001_256_16,0
001_256_24,0
001_256_32,0
001_256_40,0
001_256_48,0
001_256_56,0
001_256_64,0
001_256_72,0
001_256_80,0
001_256_88,0
001_256_96,0
001_256_104,0
001_256_112,0
001_256_120,0
001_256_128,0
001_256_136,0
001_256_144,0
001_256_152,0
001_256_160,0
001_256_168,0
001_256_176,0
001_256_184,0
001_256_192,0
001_256_200,0
001_256_208,0
001_256_216,0
001_256_224,0
001_256_232,0
001_256_240,0
001_256_248,0
001_256_256,0
001_256_264,0
001_256_272,0
001_256_280,0
001_256_288,0
001_256_296,0
001_264_0,0
001_264_8,0
001_264_16,0
001_264_24,0
001_264_32,0
001_264_40,0
001_264_48,0
001_264_56,0
001_264_64,0
001_264_72,0
001_264_80,0
001_264_88,0
001_264_96,0
001_264_104,0
001_264_112,0
001_264_120,0
001_264_128,0
001_264_136,0
001_264_144,0
001_264_152,0
001_264_160,0
001_264_168,0
001_264_176,0
001_264_184,0
001_264_192,0
001_264_200,0
001_264_208,0
001_264_216,0
001_264_224,0
001_264_232,0
001_264_240,0
001_264_248,0
001_264_256,0
001_264_264,0
001_264_272,0
001_264_280,0
001_264_288,0
001_264_296,0
001_272_0,0
001_272_8,0
001_272_16,0
001_272_24,0
001_272_32,0
001_272_40,0
001_272_48,0
001_272_56,0
001_272_64,0
001_272_72,0
001_272_80,0
001_272_88,0
001_272_96,0
001_272_104,0
001_272_112,0
001_272_120,0
001_272_128,0
001_272_136,0
001_272_144,0
001_272_152,0
001_272_160,0
001_272_168,0
001_272_176,0
001_272_184,0
001_272_192,0
001_272_200,0
001_272_208,0
001_272_216,0
001_272_224,0
001_272_232,0
001_272_240,0
001_272_248,0
001_272_256,0
001_272_264,0
001_272_272,0
001_272_280,0
001_272_288,0
001_272_296,0
001_280_0,0
001_280_8,0
001_280_16,0
001_280_24,0
001_280_32,0
001_280_40,0
001_280_48,0
001_280_56,0
001_280_64,0
001_280_72,0
001_280_80,0
001_280_88,0
001_280_96,0
001_280_104,0
001_280_112,0
001_280_120,0
001_280_128,0
001_280_136,0
001_280_144,0
001_280_152,0
001_280_160,0
001_280_168,0
001_280_176,0
001_280_184,0
001_280_192,0
001_280_200,0
001_280_208,0
001_280_216,0
001_280_224,0
001_280_232,0
001_280_240,0
001_280_248,0
001_280_256,0
001_280_264,0
001_280_272,0
001_280_280,0
001_280_288,0
001_280_296,0
001_288_0,0
001_288_8,0
001_288_16,0
001_288_24,0
001_288_32,0
001_288_40,0
001_288_48,0
001_288_56,0
001_288_64,0
001_288_72,0
001_288_80,0
001_288_88,0
001_288_96,0
001_288_104,0
001_288_112,0
001_288_120,0
001_288_128,0
001_288_136,0
001_288_144,0
001_288_152,0
001_288_160,0
001_288_168,0
001_288_176,0
001_288_184,0
001_288_192,0
001_288_200,0
001_288_208,0
001_288_216,0
001_288_224,0
001_288_232,0
001_288_240,0
001_288_248,0
001_288_256,0
001_288_264,0
001_288_272,0
001_288_280,0
001_288_288,0
001_288_296,0
001_296_0,0
001_296_8,0
001_296_16,0
001_296_24,0
001_296_32,0
001_296_40,0
001_296_48,0
001_296_56,0
001_296_64,0
001_296_72,0
001_296_80,0
001_296_88,0
001_296_96,0
001_296_104,0
001_296_112,0
001_296_120,0
001_296_128,0
001_296_136,0
001_296_144,0
001_296_152,0
001_296_160,0
001_296_168,0
001_296_176,0
001_296_184,0
001_296_192,0
001_296_200,0
001_296_208,0
001_296_216,0
001_296_224,0
001_296_232,0
001_296_240,0
001_296_248,0
001_296_256,0
001_296_264,0
001_296_272,0
001_296_280,0
001_296_288,0
001_296_296,0
